{"part_icons":[{"type":"icon","abs_path":"/img/part_icons/icon_list.json","filename":"icon_list.json"},{"type":"icon","abs_path":"/img/part_icons/np_alternator_950513_000000.png","filename":"np_alternator_950513_000000.png"},{"type":"icon","abs_path":"/img/part_icons/np_bearing_560390_000000.png","filename":"np_bearing_560390_000000.png"},{"type":"icon","abs_path":"/img/part_icons/np_chain_784213_000000.png","filename":"np_chain_784213_000000.png"},{"type":"icon","abs_path":"/img/part_icons/np_cog_1003779_000000.png","filename":"np_cog_1003779_000000.png"},{"type":"icon","abs_path":"/img/part_icons/np_cog_45865_000000.png","filename":"np_cog_45865_000000.png"},{"type":"icon","abs_path":"/img/part_icons/np_exhaust_696939_000000.png","filename":"np_exhaust_696939_000000.png"},{"type":"icon","abs_path":"/img/part_icons/np_fan_467125_000000.png","filename":"np_fan_467125_000000.png"},{"type":"icon","abs_path":"/img/part_icons/np_gear_66792_000000.png","filename":"np_gear_66792_000000.png"},{"type":"icon","abs_path":"/img/part_icons/np_lampshade_1301754_000000.png","filename":"np_lampshade_1301754_000000.png"},{"type":"icon","abs_path":"/img/part_icons/np_light-bulb_466607_000000.png","filename":"np_light-bulb_466607_000000.png"},{"type":"icon","abs_path":"/img/part_icons/np_part_568073_000000.png","filename":"np_part_568073_000000.png"},{"type":"icon","abs_path":"/img/part_icons/np_piston_1070186_000000.png","filename":"np_piston_1070186_000000.png"},{"type":"icon","abs_path":"/img/part_icons/np_piston_1301613_000000.png","filename":"np_piston_1301613_000000.png"},{"type":"icon","abs_path":"/img/part_icons/np_piston_751881_000000.png","filename":"np_piston_751881_000000.png"},{"type":"icon","abs_path":"/img/part_icons/np_plate-exchanger_1767510_000000.png","filename":"np_plate-exchanger_1767510_000000.png"},{"type":"icon","abs_path":"/img/part_icons/np_plug_479902_000000.png","filename":"np_plug_479902_000000.png"},{"type":"icon","abs_path":"/img/part_icons/np_plugs_482029_000000.png","filename":"np_plugs_482029_000000.png"},{"type":"icon","abs_path":"/img/part_icons/np_ram_755670_000000.png","filename":"np_ram_755670_000000.png"},{"type":"icon","abs_path":"/img/part_icons/np_suspension_1589987_000000.png","filename":"np_suspension_1589987_000000.png"}]}